,Number of patterns,noise level,recall accuracy rate,perfect recall rate
0,1,0.01,0.9931640625,0.0
1,2,0.01,0.99462890625,0.0
2,3,0.01,0.994140625,0.0
3,4,0.01,0.992919921875,0.0
4,5,0.01,0.9951171875,0.0
5,6,0.01,0.9964192708333334,0.0
6,7,0.01,0.9945591517857143,0.0
7,8,0.01,0.995361328125,0.0
8,9,0.01,0.9946831597222222,0.0
