,num_iterations,recon_losses
0,0.0,722.733007410067
1,10.0,531.6671891324496
2,20.0,496.38392399432115
3,30.0,473.9219344997655
4,40.0,466.794387284166
5,49.0,461.6600480873345
